{
  "_format": "hh-sol-cache-2",
  "files": {
    "C:\\Users\\onepc\\Documents\\School\\4th Year\\1st sem\\CA\\lab1\\assignmentshots\\doc-verification-platform\\contracts\\DocVerifier.sol": {
      "lastModificationDate": 1743946596211,
      "contentHash": "22a07acfd6a6497d5f6d7beee2d38080",
      "sourceName": "contracts/DocVerifier.sol",
      "solcConfig": {
        "version": "0.8.28",
        "settings": {
          "evmVersion": "paris",
          "optimizer": {
            "enabled": false,
            "runs": 200
          },
          "outputSelection": {
            "*": {
              "*": [
                "abi",
                "evm.bytecode",
                "evm.deployedBytecode",
                "evm.methodIdentifiers",
                "metadata"
              ],
              "": [
                "ast"
              ]
            }
          }
        }
      },
      "imports": [],
      "versionPragmas": [
        "^0.8.18"
      ],
      "artifacts": [
        "DocVerifier"
      ]
    },
    "C:\\Users\\onepc\\Documents\\School\\4th Year\\1st sem\\CA\\lab1\\assignmentshots\\doc-verification-platform\\contracts\\Lock.sol": {
      "lastModificationDate": 1743882441650,
      "contentHash": "7eee587c347fe6b1de50c96688cb9477",
      "sourceName": "contracts/Lock.sol",
      "solcConfig": {
        "version": "0.8.28",
        "settings": {
          "evmVersion": "paris",
          "optimizer": {
            "enabled": false,
            "runs": 200
          },
          "outputSelection": {
            "*": {
              "*": [
                "abi",
                "evm.bytecode",
                "evm.deployedBytecode",
                "evm.methodIdentifiers",
                "metadata"
              ],
              "": [
                "ast"
              ]
            }
          }
        }
      },
      "imports": [],
      "versionPragmas": [
        "^0.8.28"
      ],
      "artifacts": [
        "Lock"
      ]
    },
    "C:\\Users\\onepc\\Documents\\School\\4th Year\\1st sem\\CA\\lab1\\assign\\doc-verify\\contracts\\DocVerifier.sol": {
      "lastModificationDate": 1744876501860,
      "contentHash": "06087cdda17686f7ccbbc1f2ccfc4743",
      "sourceName": "contracts/DocVerifier.sol",
      "solcConfig": {
        "version": "0.8.18",
        "settings": {
          "optimizer": {
            "enabled": false,
            "runs": 200
          },
          "outputSelection": {
            "*": {
              "*": [
                "abi",
                "evm.bytecode",
                "evm.deployedBytecode",
                "evm.methodIdentifiers",
                "metadata"
              ],
              "": [
                "ast"
              ]
            }
          }
        }
      },
      "imports": [],
      "versionPragmas": [
        "^0.8.18"
      ],
      "artifacts": [
        "DocVerifier"
      ]
    },
    "C:\\Users\\onepc\\Documents\\School\\4th Year\\1st sem\\CA\\lab1\\assign\\doc-verify\\contracts\\Lock.sol": {
      "lastModificationDate": 1744876501860,
      "contentHash": "02f155efc448a1df3d30dbc95c3043aa",
      "sourceName": "contracts/Lock.sol",
      "solcConfig": {
        "version": "0.8.18",
        "settings": {
          "optimizer": {
            "enabled": false,
            "runs": 200
          },
          "outputSelection": {
            "*": {
              "*": [
                "abi",
                "evm.bytecode",
                "evm.deployedBytecode",
                "evm.methodIdentifiers",
                "metadata"
              ],
              "": [
                "ast"
              ]
            }
          }
        }
      },
      "imports": [],
      "versionPragmas": [
        "^0.8.18"
      ],
      "artifacts": [
        "Lock"
      ]
    },
    "C:\\Users\\onepc\\Documents\\School\\4th Year\\1st sem\\CA\\lab1\\assign\\copies\\doc-verify - Copy\\contracts\\DocVerifier.sol": {
      "lastModificationDate": 1744876501860,
      "contentHash": "06087cdda17686f7ccbbc1f2ccfc4743",
      "sourceName": "contracts/DocVerifier.sol",
      "solcConfig": {
        "version": "0.8.18",
        "settings": {
          "optimizer": {
            "enabled": false,
            "runs": 200
          },
          "outputSelection": {
            "*": {
              "*": [
                "abi",
                "evm.bytecode",
                "evm.deployedBytecode",
                "evm.methodIdentifiers",
                "metadata"
              ],
              "": [
                "ast"
              ]
            }
          }
        }
      },
      "imports": [],
      "versionPragmas": [
        "^0.8.18"
      ],
      "artifacts": [
        "DocVerifier"
      ]
    },
    "C:\\Users\\onepc\\Documents\\School\\4th Year\\1st sem\\CA\\lab1\\assign\\copies\\doc-verify - Copy\\contracts\\Lock.sol": {
      "lastModificationDate": 1744876501860,
      "contentHash": "02f155efc448a1df3d30dbc95c3043aa",
      "sourceName": "contracts/Lock.sol",
      "solcConfig": {
        "version": "0.8.18",
        "settings": {
          "optimizer": {
            "enabled": false,
            "runs": 200
          },
          "outputSelection": {
            "*": {
              "*": [
                "abi",
                "evm.bytecode",
                "evm.deployedBytecode",
                "evm.methodIdentifiers",
                "metadata"
              ],
              "": [
                "ast"
              ]
            }
          }
        }
      },
      "imports": [],
      "versionPragmas": [
        "^0.8.18"
      ],
      "artifacts": [
        "Lock"
      ]
    }
  }
}
